0x2c,0x28,0x00,0x31,0x2a,0x00,0x00,0x00
0xe6,0x00,0xe2,0x00,0x00,0x00,0x00,0x00
0x00,0xe5,0x00,0x00,0xe1,0x00,0x00,0x00
0x00,0x00,0x00,0x00,0x00,0x00,0x00,0xe0
0x00,0x1d,0x29,0x04,0x2b,0x14,0x1e,0x35
0x00,0x1b,0x00,0x16,0x00,0x1a,0x1f,0x00
0x00,0x06,0x00,0x07,0x00,0x08,0x20,0x00
0x05,0x19,0x0a,0x09,0x17,0x15,0x21,0x22
0x11,0x10,0x0b,0x0d,0x1c,0x18,0x24,0x23
0x00,0x00,0x00,0x0e,0x30,0x0c,0x25,0x2e
0x00,0x37,0x00,0x0f,0x50,0x12,0x26,0x00
0x38,0x00,0x34,0x33,0x2f,0x13,0x27,0x2d
0x00,0x00,0x00,0x00,0x00,0x00,0x00,0x00
0x00,0x36,0x00,0xe3,0xe7,0x4f,0x51,0x52